GOLD,III,True,6,84,20,63,22,25,67,202,80,55,3890530720
GOLD,III,True,234,67,80,18,4,202,107,62,101,147,3890449166
GOLD,III,False,498,5,43,141,82,56,57,91,28,18,3890416760
GOLD,III,True,19,84,99,145,115,350,81,2,131,24,3890462118
GOLD,III,True,117,11,81,22,68,16,58,517,51,19,3890300754
GOLD,III,True,8,235,64,360,98,19,40,145,517,157,3890223195
GOLD,III,True,222,267,35,14,238,99,19,92,22,517,3890184039
GOLD,III,False,44,6,887,11,145,84,19,57,122,21,3889768933
GOLD,III,False,22,555,92,4,141,266,143,15,91,9,3888902032
GOLD,III,False,34,28,43,3,523,235,106,41,777,19,3888829659
GOLD,III,False,141,360,6,238,35,41,64,78,157,19,3888866723
GOLD,III,False,86,19,99,523,238,236,11,90,24,235,3888844847
GOLD,III,False,3,110,99,86,154,81,83,35,105,875,3891683033
GOLD,III,True,62,40,154,21,131,145,90,101,420,121,3891548115
GOLD,III,False,777,14,89,498,76,64,101,39,15,164,3891572475
GOLD,III,False,6,11,110,154,887,202,141,89,83,54,3891467997
GOLD,III,False,202,350,8,91,64,80,22,89,141,17,3890297298
GOLD,III,True,143,150,11,8,110,876,39,235,67,516,3889899439
GOLD,III,False,777,14,44,57,131,157,235,145,114,25,3889910492
GOLD,III,False,38,141,29,235,86,75,106,360,44,517,3889785517
GOLD,III,False,44,6,887,11,145,84,19,57,122,21,3889768933
GOLD,III,True,106,157,80,24,202,412,10,55,104,360,3887412725
GOLD,III,False,82,29,350,777,64,150,11,86,37,22,3887355991
GOLD,III,False,412,29,32,157,59,517,131,266,223,350,3887309720
GOLD,III,True,67,60,105,86,201,31,202,103,412,234,3885854491
GOLD,III,True,105,5,122,81,57,35,126,99,202,50,3885577909
GOLD,III,False,157,145,235,234,887,875,67,64,25,101,3885458449
GOLD,III,True,32,235,360,41,517,75,35,145,25,131,3885437177
GOLD,III,False,61,3,15,131,126,99,17,777,11,51,3885329172
GOLD,III,True,40,202,238,9,62,523,25,8,147,266,3884207165
GOLD,III,False,63,68,80,202,86,3,235,516,55,113,3884184236
GOLD,III,False,202,518,33,106,99,86,3,119,34,777,3884158176
GOLD,III,False,18,887,25,86,4,150,67,11,90,16,3884154359
GOLD,III,True,31,518,202,90,432,60,420,157,147,222,3883849659
GOLD,III,False,235,40,246,20,266,101,887,145,238,11,3883828963
GOLD,III,True,360,38,350,875,25,22,86,106,45,111,3882855263
GOLD,III,False,33,45,50,240,15,81,234,101,25,887,3882813469
GOLD,III,True,526,18,120,10,131,147,202,9,41,45,3882790494
GOLD,III,True,526,360,98,56,238,517,111,202,39,60,3882733651
GOLD,III,False,56,11,122,498,63,24,235,142,202,33,3882667567
GOLD,III,True,3,222,147,107,83,427,126,51,14,40,3881278921
GOLD,III,False,3,86,50,18,121,412,36,131,67,150,3881215803
GOLD,III,True,45,202,104,412,266,157,57,78,41,29,3879790032
GOLD,III,False,33,10,83,235,222,18,111,39,238,120,3870270052
GOLD,III,False,157,141,235,412,17,30,39,80,498,350,3870214935
GOLD,III,False,55,145,63,59,11,115,18,89,254,31,3832947526
GOLD,III,True,202,141,75,54,131,122,157,35,67,245,3809893391
GOLD,III,False,518,777,145,77,412,99,154,92,29,89,3808554874
GOLD,III,True,235,145,122,69,234,113,412,523,92,90,3806754120
GOLD,III,True,235,234,412,107,106,58,90,9,145,79,3800454938
GOLD,III,True,48,64,235,23,412,2,145,41,99,526,3799813418
GOLD,III,False,45,64,266,267,18,55,51,62,141,412,3798216467
GOLD,III,True,235,115,64,145,31,43,777,29,33,517,3798015079
GOLD,III,False,777,19,143,60,18,63,84,22,24,427,3797006586
GOLD,III,False,134,421,114,99,18,360,143,19,34,875,3793867857
GOLD,III,True,24,9,81,3,497,163,41,106,432,202,3792614354
GOLD,III,True,14,876,236,54,267,68,235,245,120,18,3791429624
GOLD,III,True,82,875,106,18,147,222,350,518,36,19,3784397656
GOLD,III,False,777,50,202,58,77,35,122,67,12,142,3784237884
GOLD,III,True,91,150,236,50,245,412,56,202,54,131,3784211429
GOLD,III,False,59,143,41,202,34,157,235,56,67,82,3784103668
GOLD,III,True,111,2,22,4,78,45,36,161,56,81,3783156694
GOLD,III,False,420,103,50,147,29,235,77,202,112,78,3781962436
GOLD,III,True,145,235,92,99,120,4,81,80,11,143,3781236715
GOLD,III,True,161,121,51,43,90,223,84,15,350,107,3780004204
GOLD,III,True,147,157,777,876,202,555,79,235,34,64,3779982526
GOLD,III,True,121,22,112,54,53,6,1,25,235,120,3779189873
GOLD,III,True,86,245,555,104,202,150,99,56,235,4,3778906233
GOLD,III,True,142,79,24,523,235,203,17,99,40,15,3778778208
GOLD,III,True,498,13,77,497,157,240,120,10,145,43,3775961250
GOLD,III,False,777,222,142,32,57,145,526,75,143,234,3775509127
GOLD,III,True,91,9,234,89,235,77,1,27,117,67,3774202380
GOLD,III,False,113,420,18,103,25,32,235,238,143,67,3773146631
GOLD,III,True,104,526,164,360,105,555,35,98,28,51,3772944187
GOLD,III,True,245,86,18,412,106,145,111,38,32,23,3772888717
GOLD,III,False,21,161,20,516,112,90,25,18,17,2,3772862129
GOLD,III,False,1,31,120,22,16,32,55,202,82,25,3772823246
GOLD,III,True,107,77,555,202,518,113,91,145,82,99,3772715983
GOLD,III,False,80,33,99,22,89,21,63,36,150,412,3771820644
GOLD,III,True,67,234,154,105,57,147,421,235,86,523,3771777192
GOLD,III,False,17,11,79,235,145,141,111,67,157,58,3771775056
GOLD,III,True,98,223,235,99,60,86,77,360,412,134,3771762566
GOLD,III,False,80,498,104,43,54,50,117,238,84,11,3771421951
GOLD,III,True,86,67,267,245,234,157,117,99,82,56,3770594083
GOLD,III,True,55,12,234,122,360,67,202,77,38,875,3770479466
GOLD,III,True,876,266,34,498,9,122,161,11,54,202,3770356557
GOLD,III,True,61,516,102,18,235,29,360,117,122,56,3770239528
GOLD,III,False,143,75,238,145,141,555,12,77,51,31,3769884404
GOLD,III,True,74,19,126,157,63,21,13,875,350,64,3769123511
GOLD,III,True,96,111,38,98,104,350,141,3,145,106,3769038900
GOLD,III,False,145,157,161,102,45,89,62,120,101,235,3768980895
GOLD,III,False,161,157,56,81,17,91,75,876,63,67,3768912026
GOLD,III,False,31,6,99,202,55,63,234,15,518,240,3768793100
GOLD,III,False,4,35,145,89,39,59,23,267,112,360,3767391725
GOLD,III,True,21,157,89,11,106,526,238,120,82,18,3767385595
GOLD,III,False,29,127,60,86,143,427,245,63,18,114,3767322086
GOLD,III,False,58,202,141,161,84,150,268,235,25,11,3767253811
GOLD,III,True,120,82,202,526,4,59,77,21,777,518,3767153017
GOLD,III,True,106,245,22,117,86,360,31,517,68,141,3767068206
GOLD,III,False,81,58,107,154,350,3,120,50,202,420,3766762695
GOLD,III,True,235,112,86,29,56,202,32,25,17,134,3766735528
GOLD,III,False,11,67,12,19,61,18,133,875,102,238,3766555292
GOLD,III,True,145,238,31,117,234,54,77,498,1,86,3766551223
GOLD,III,True,4,236,412,41,77,164,142,360,120,12,3766518182
GOLD,III,True,78,202,1,2,35,234,89,4,82,18,3765765002
GOLD,III,True,238,67,31,120,143,141,69,102,412,236,3765636895
GOLD,III,False,518,67,54,77,53,107,147,79,112,22,3765601642
GOLD,III,False,523,75,34,235,254,23,32,74,147,202,3765452234
GOLD,III,True,235,106,18,157,9,238,234,115,777,412,3764263924
GOLD,III,True,20,202,38,40,17,21,121,7,147,86,3763937555
GOLD,III,False,157,36,89,523,30,86,21,235,1,67,3762726703
GOLD,III,False,147,61,234,82,81,236,75,16,9,55,3762712253
GOLD,IV,False,3,110,99,86,154,81,83,35,105,875,3891683033
GOLD,IV,True,157,98,20,101,202,223,35,74,40,51,3891596992
GOLD,IV,False,62,72,145,80,8,875,36,117,15,34,3891572020
GOLD,IV,False,117,8,18,517,59,202,238,17,350,72,3891487371
GOLD,IV,False,150,5,7,133,103,35,887,235,222,78,3891429227
GOLD,IV,True,59,21,127,107,875,103,150,5,18,99,3890278597
GOLD,IV,False,35,14,142,89,222,29,117,150,5,8,3890321518
GOLD,IV,False,157,59,20,101,523,875,56,360,267,55,3890208477
GOLD,IV,False,6,78,157,25,145,202,412,105,54,64,3890231187
GOLD,IV,True,555,54,21,875,32,234,235,420,103,145,3890133962
GOLD,IV,True,25,145,92,99,86,75,19,429,238,412,3889731738
GOLD,IV,False,53,126,5,234,145,55,62,77,143,202,3889605403
GOLD,IV,True,63,22,234,150,19,54,106,246,202,223,3888308717
GOLD,IV,True,350,122,38,254,81,79,19,84,25,360,3888253009
GOLD,IV,False,142,412,21,126,20,19,360,40,555,28,3888218816
GOLD,IV,True,12,222,131,126,5,420,45,202,33,516,3888194181
GOLD,IV,True,245,222,143,126,5,147,202,68,76,63,3888121603
GOLD,IV,True,18,223,5,63,101,517,114,421,157,44,3888037120
GOLD,IV,True,112,51,235,25,64,40,887,59,222,246,3888053460
GOLD,IV,True,56,26,22,497,86,3,18,19,117,106,3887989595
GOLD,IV,False,89,245,222,164,33,142,25,81,223,5,3883668948
GOLD,IV,False,157,89,145,245,54,82,5,56,119,101,3883665566
GOLD,IV,True,133,222,235,56,31,64,110,89,238,11,3883621848
GOLD,IV,False,350,29,517,59,875,777,31,102,53,360,3883605741
GOLD,IV,True,74,526,59,8,67,245,350,50,122,141,3883553380
GOLD,IV,True,164,59,245,111,81,887,117,526,18,121,3883508064
GOLD,IV,True,101,99,202,122,19,222,240,147,421,412,3883487340
GOLD,IV,True,51,777,36,86,235,145,105,44,154,57,3882714885
GOLD,IV,False,18,235,75,113,3,45,32,122,147,22,3882659587
GOLD,IV,True,145,147,20,75,117,54,40,67,42,234,3882653994
GOLD,IV,True,157,147,121,238,82,222,887,9,122,50,3881200203
GOLD,IV,True,25,518,86,106,777,89,43,222,39,245,3881035330
GOLD,IV,False,106,18,555,17,90,55,8,350,62,48,3881080358
GOLD,IV,False,412,145,136,62,68,86,432,81,34,141,3880905765
GOLD,IV,False,202,84,223,89,56,36,75,145,7,432,3880930049
GOLD,IV,True,20,202,80,516,89,39,35,110,120,64,3880846051
GOLD,IV,True,142,523,120,150,555,202,6,53,64,34,3880330955
GOLD,IV,False,1,82,63,120,15,887,75,234,145,143,3880283797
GOLD,IV,False,157,31,39,360,111,58,6,145,99,11,3880311358
GOLD,IV,False,60,412,202,54,420,117,25,238,517,29,3880207043
GOLD,IV,False,4,516,222,54,120,518,145,56,875,62,3877720930
GOLD,IV,False,11,147,8,67,22,25,17,420,81,267,3877613680
GOLD,IV,False,127,24,23,145,99,111,51,63,36,83,3877538588
GOLD,IV,False,25,5,51,61,83,59,103,202,114,63,3875269191
GOLD,IV,True,105,236,245,86,555,77,81,37,777,83,3875223907
GOLD,IV,True,202,350,777,150,163,30,50,92,4,24,3874138637
GOLD,IV,True,51,32,8,50,875,145,24,103,6,25,3874144422
GOLD,IV,False,35,57,51,887,223,67,555,31,238,245,3874110520
GOLD,IV,True,99,76,83,246,523,106,86,202,555,8,3874083090
GOLD,IV,True,8,83,63,222,104,15,28,91,887,147,3874017386
GOLD,IV,True,99,154,145,13,6,25,19,222,238,133,3871550176
GOLD,IV,False,107,25,80,145,54,222,58,133,267,234,3871463864
GOLD,IV,True,875,64,82,117,22,412,202,120,134,36,3871407246
GOLD,IV,True,222,101,28,39,555,235,26,8,82,48,3871440443
GOLD,IV,True,412,2,83,234,110,235,77,115,420,777,3871333959
GOLD,IV,True,235,420,143,777,82,222,34,223,60,147,3871255243
GOLD,IV,False,56,110,89,8,39,142,53,10,81,25,3871153387
GOLD,IV,True,22,8,39,235,113,83,112,141,145,53,3871049164
GOLD,IV,False,235,240,30,517,143,18,80,246,114,421,3865903546
GOLD,IV,True,11,6,145,82,16,141,245,202,25,86,3865818276
GOLD,IV,True,13,32,117,145,27,19,35,236,8,266,3865820800
GOLD,IV,True,105,523,420,99,5,86,51,91,266,117,3865694280
GOLD,IV,False,41,64,201,498,131,147,157,32,875,18,3865608852
GOLD,IV,False,150,526,161,21,876,117,18,157,8,59,3865594656
GOLD,IV,True,53,61,59,222,86,80,33,234,115,81,3865586775
GOLD,IV,False,122,53,62,33,84,23,45,35,51,99,3865522213
GOLD,IV,True,267,141,82,235,238,145,37,39,120,3,3865484433
GOLD,IV,True,150,161,50,80,234,106,145,84,13,117,3864815449
GOLD,IV,True,2,86,161,51,45,21,91,82,25,254,3864792740
GOLD,IV,True,222,876,16,58,3,427,55,412,236,875,3864728721
GOLD,IV,True,121,18,89,99,83,3,51,24,80,234,3864694630
GOLD,IV,True,11,51,555,150,69,9,26,157,360,117,3864691029
GOLD,IV,False,240,92,526,145,245,360,43,106,115,203,3864653910
GOLD,IV,True,15,45,82,234,89,99,18,103,41,5,3863348228
GOLD,IV,False,412,102,875,145,245,25,80,84,360,147,3863286805
GOLD,IV,False,412,106,103,15,35,61,67,5,143,31,3863258238
GOLD,IV,True,67,12,107,875,115,235,64,90,119,117,3863215063
GOLD,IV,False,58,51,254,4,350,32,81,43,45,99,3863201070
GOLD,IV,False,57,51,13,106,36,145,25,78,127,24,3863122432
GOLD,IV,False,4,126,99,222,19,83,51,5,161,25,3863093916
GOLD,IV,False,51,25,17,33,157,1,110,150,32,267,3863007102
GOLD,IV,False,235,98,234,9,267,18,17,82,11,143,3862983690
GOLD,IV,True,360,5,80,25,17,120,13,22,39,117,3861894030
GOLD,IV,False,497,498,107,103,106,235,83,56,105,15,3861850229
GOLD,IV,False,876,90,24,80,222,17,55,19,29,12,3861792951
GOLD,IV,True,12,67,9,238,164,360,150,89,28,1,3861759878
GOLD,IV,True,114,36,3,145,53,101,222,20,91,98,3861715176
GOLD,IV,True,29,77,26,84,41,11,18,131,35,164,3861646308
GOLD,IV,True,12,9,45,80,67,99,234,102,86,29,3861574346
GOLD,IV,True,236,421,133,235,38,76,25,202,161,98,3859622170
GOLD,IV,True,523,12,9,517,6,25,67,134,267,222,3859576502
GOLD,IV,False,526,141,86,360,12,120,235,18,4,150,3859498782
GOLD,IV,False,35,64,157,85,498,238,234,145,45,16,3859455878
GOLD,IV,False,202,35,143,145,234,9,62,235,103,64,3857162382
GOLD,IV,True,24,147,134,1,98,121,122,143,51,84,3857059258
GOLD,IV,False,10,38,234,412,145,236,18,20,143,86,3857083909
GOLD,IV,True,57,122,245,202,131,222,147,91,10,106,3857041306
GOLD,IV,False,161,875,145,80,77,18,412,103,83,120,3856896509
GOLD,IV,False,526,79,67,43,64,120,157,555,50,92,3856910272
GOLD,IV,True,89,19,133,222,105,51,61,92,36,526,3854599647
DIAMOND,II,True,875,27,147,360,235,15,14,103,350,254,3892920644
GOLD,III,False,3,110,99,86,154,81,83,35,105,875,3891683033
GOLD,III,True,62,40,154,21,131,145,90,101,420,121,3891548115
GOLD,III,False,777,14,89,498,76,64,101,39,15,164,3891572475
GOLD,III,False,6,11,110,154,887,202,141,89,83,54,3891467997
GOLD,III,False,202,350,8,91,64,80,22,89,141,17,3890297298
GOLD,III,True,143,150,11,8,110,876,39,235,67,516,3889899439
GOLD,III,False,777,14,44,57,131,157,235,145,114,25,3889910492
GOLD,III,False,38,141,29,235,86,75,106,360,44,517,3889785517
GOLD,III,False,44,6,887,11,145,84,19,57,122,21,3889768933
GOLD,III,True,106,157,80,24,202,412,10,55,104,360,3887412725
GOLD,III,False,82,29,350,777,64,150,11,86,37,22,3887355991
GOLD,III,False,412,29,32,157,59,517,131,266,223,350,3887309720
GOLD,III,True,67,60,105,86,201,31,202,103,412,234,3885854491
GOLD,III,True,105,5,122,81,57,35,126,99,202,50,3885577909
GOLD,III,False,157,145,235,234,887,875,67,64,25,101,3885458449
GOLD,III,True,32,235,360,41,517,75,35,145,25,131,3885437177
GOLD,III,False,61,3,15,131,126,99,17,777,11,51,3885329172
GOLD,III,True,40,202,238,9,62,523,25,8,147,266,3884207165
GOLD,III,False,63,68,80,202,86,3,235,516,55,113,3884184236
GOLD,III,False,202,518,33,106,99,86,3,119,34,777,3884158176
GOLD,III,False,18,887,25,86,4,150,67,11,90,16,3884154359
GOLD,III,True,31,518,202,90,432,60,420,157,147,222,3883849659
GOLD,III,False,235,40,246,20,266,101,887,145,238,11,3883828963
GOLD,III,True,360,38,350,875,25,22,86,106,45,111,3882855263
GOLD,III,False,33,45,50,240,15,81,234,101,25,887,3882813469
GOLD,III,True,526,18,120,10,131,147,202,9,41,45,3882790494
GOLD,III,True,526,360,98,56,238,517,111,202,39,60,3882733651
GOLD,III,False,56,11,122,498,63,24,235,142,202,33,3882667567
GOLD,III,True,3,222,147,107,83,427,126,51,14,40,3881278921
DIAMOND,II,True,875,27,147,360,235,15,14,103,350,254,3892920644
GOLD,III,False,498,5,43,141,82,56,57,91,28,18,3890416760
GOLD,III,False,110,141,84,202,14,102,157,25,101,67,3890422730
GOLD,III,False,36,101,16,96,122,18,420,25,34,111,3890349622
GOLD,III,False,412,67,72,246,164,17,82,234,89,51,3887406432
GOLD,III,False,77,119,111,887,101,6,121,143,161,110,3884173893
GOLD,III,True,145,60,235,887,61,34,203,23,15,412,3884121245
GOLD,III,True,412,360,234,34,39,240,2,81,111,103,3884044938
GOLD,III,True,887,82,145,875,104,126,246,202,111,120,3884007901
GOLD,III,True,235,222,126,234,101,41,8,120,145,111,3881813446
GOLD,III,False,64,234,223,15,235,141,111,35,222,58,3881797647
GOLD,III,True,126,145,143,101,28,42,25,555,75,67,3870258299
GOLD,III,True,40,104,145,154,3,82,36,22,64,412,3869920889
GOLD,III,True,36,235,84,114,110,202,412,77,101,86,3864997646
GOLD,III,True,222,24,254,238,111,58,10,39,121,81,3865041186
GOLD,III,False,22,111,34,420,234,777,25,64,99,15,3863004937
GOLD,III,False,35,120,101,29,86,81,23,56,111,157,3862972047
GOLD,III,False,555,82,19,145,412,234,34,266,29,143,3860831148
GOLD,III,True,13,236,50,234,82,122,777,20,67,555,3860776586
GOLD,III,True,115,412,202,106,11,267,236,59,101,84,3860046069
GOLD,III,True,18,43,11,98,101,161,25,120,81,39,3859107755
GOLD,III,False,497,12,121,202,58,222,62,101,19,40,3858846801
GOLD,III,False,9,777,145,79,25,141,82,83,222,117,3855940736
GOLD,III,True,34,2,150,412,202,9,22,112,16,58,3855880662
GOLD,III,False,143,145,113,517,875,92,101,89,51,60,3855856472
GOLD,III,True,555,9,14,119,131,254,101,114,202,53,3849476806
GOLD,III,False,34,126,48,412,202,99,53,67,86,106,3835729687
GOLD,III,False,57,876,235,12,98,143,18,74,19,101,3835278563
GOLD,III,True,82,33,67,114,235,11,115,99,266,202,3835294448
GOLD,III,True,51,35,85,34,50,203,143,81,99,133,3832323072
GOLD,III,True,67,12,34,203,82,102,53,31,141,222,3831640375
GOLD,III,False,50,54,24,777,110,82,39,25,20,30,3825178430
GOLD,III,True,26,8,126,101,133,147,51,39,876,75,3822060146
GOLD,III,True,81,43,245,157,420,101,21,2,350,48,3822007255
GOLD,III,False,117,236,17,105,2,82,6,876,67,350,3821264013
GOLD,III,False,412,101,150,120,222,202,350,420,104,103,3820606309
GOLD,III,False,145,99,121,238,54,131,50,101,75,64,3820612340
GOLD,III,False,235,236,141,13,240,67,81,350,234,82,3812666897
GOLD,III,False,1,51,6,56,526,78,101,22,555,31,3812663407
GOLD,III,False,53,222,777,11,150,67,267,80,234,82,3812559583
GOLD,III,True,101,29,106,120,75,412,421,246,13,202,3812560480
GOLD,III,True,20,86,777,350,235,78,82,12,157,420,3811076366
GOLD,III,False,6,50,51,876,101,777,203,117,145,122,3810998021
GOLD,III,True,235,50,33,39,82,777,555,79,145,150,3809344569
GOLD,III,False,38,80,235,876,432,202,82,50,86,141,3809276495
GOLD,III,True,36,22,101,17,412,145,18,23,50,64,3809064327
GOLD,III,False,517,777,141,81,99,223,101,33,412,145,3808924098
GOLD,III,False,145,234,82,89,86,8,201,106,81,28,3800883317
GOLD,III,True,50,121,67,202,497,78,82,31,81,111,3800872247
GOLD,III,True,4,15,31,254,53,234,101,99,81,62,3800796849
GOLD,III,False,55,29,22,36,92,8,99,51,82,107,3799948996
GOLD,III,True,202,101,99,72,6,51,33,147,266,37,3799898107
GOLD,III,False,254,22,53,82,147,106,161,4,202,121,3799894617
GOLD,III,False,89,245,202,82,51,28,35,75,3,21,3799096018
GOLD,III,False,81,40,82,33,4,23,50,526,22,164,3799061233
GOLD,III,True,101,24,145,117,102,92,121,34,111,51,3799013251
GOLD,III,False,555,234,161,75,29,360,526,86,60,238,3798643455
GOLD,III,False,62,18,107,99,63,17,72,235,26,101,3798631798
GOLD,III,False,21,111,82,122,56,420,36,432,15,4,3797224758
GOLD,III,False,22,98,102,235,101,11,55,81,53,62,3797193706
GOLD,III,False,55,235,516,16,234,101,222,104,58,12,3797172490
GOLD,III,True,17,82,236,432,56,518,32,89,202,106,3797109599
GOLD,III,True,120,98,67,25,82,236,77,7,16,875,3797117327
GOLD,III,False,235,64,412,143,150,234,157,222,111,101,3797064555
GOLD,III,True,145,80,266,63,105,876,82,498,516,497,3796904484
GOLD,III,False,147,29,58,266,120,876,101,98,350,81,3796865322
GOLD,III,True,29,234,82,16,150,89,876,21,62,143,3796778751
GOLD,III,True,63,234,157,22,106,222,20,50,62,101,3796477142
GOLD,III,True,141,111,27,15,777,82,62,120,29,53,3796426471
GOLD,III,False,61,21,107,23,50,59,99,145,24,101,3795838054
GOLD,III,True,64,101,202,82,875,103,37,24,236,77,3795856047
GOLD,III,True,11,101,202,114,103,876,150,222,147,82,3795863849
GOLD,III,True,11,235,22,42,82,222,114,101,5,25,3795756907
GOLD,III,True,23,51,99,82,5,876,50,777,114,81,3795801238
GOLD,III,True,98,115,2,21,12,43,497,104,101,498,3795727512
GOLD,III,True,202,76,92,147,82,98,105,111,56,51,3795105000
GOLD,III,False,518,12,18,56,234,15,555,101,6,5,3794904875
GOLD,III,True,55,50,150,99,106,122,48,57,22,518,3892100987
GOLD,III,True,222,412,131,875,77,39,67,57,106,420,3891956265
GOLD,III,False,51,22,58,517,64,75,61,57,222,32,3891953658
GOLD,III,True,104,114,245,145,497,31,57,51,42,56,3890514024
GOLD,III,False,350,106,84,145,133,86,15,57,28,157,3890491129
GOLD,III,False,498,5,43,141,82,56,57,91,28,18,3890416760
GOLD,III,False,235,76,31,67,157,427,57,84,51,106,3890431818
GOLD,III,False,202,57,76,55,777,222,28,412,238,58,3890387263
GOLD,III,True,57,56,51,103,39,131,202,516,121,518,3890382551
GOLD,III,False,50,236,25,51,31,86,245,57,120,29,3890315920
GOLD,III,False,117,92,91,145,77,57,54,64,103,18,3890213342
GOLD,III,True,60,875,103,236,57,67,14,117,234,4,3888912991
GOLD,III,False,57,33,6,157,18,14,62,238,236,16,3888719872
GOLD,III,True,202,105,122,235,19,91,62,57,20,145,3888609837
GOLD,III,False,235,99,81,104,68,98,21,57,19,110,3888470631
GOLD,III,True,119,157,3,350,82,77,22,238,15,57,3888410516
GOLD,III,True,64,50,526,429,54,24,13,57,427,145,3888350006
GOLD,III,False,234,29,55,61,121,86,141,57,145,98,3887667458
GOLD,III,True,69,92,67,131,53,89,25,33,57,115,3887595759
GOLD,III,False,8,86,145,143,106,19,34,51,57,6,3883083904
GOLD,III,False,55,57,10,18,33,266,238,15,28,117,3883029623
GOLD,III,False,56,34,122,222,99,57,35,236,55,92,3882969081
GOLD,III,True,36,157,82,267,56,57,18,68,238,92,3883024178
GOLD,III,False,875,54,119,121,17,67,57,234,98,99,3881949816
GOLD,III,False,85,238,145,120,526,57,222,150,36,55,3881906634
GOLD,III,False,103,67,147,254,86,57,223,99,222,120,3879463100
GOLD,III,False,84,37,122,22,32,11,83,57,145,55,3879449967
GOLD,III,True,43,876,523,74,6,57,234,517,67,154,3879416348
GOLD,III,False,57,223,161,106,119,67,82,117,45,120,3879352053
GOLD,III,False,99,236,34,75,121,57,222,887,39,141,3879319080
GOLD,III,True,57,24,157,36,21,15,8,254,12,875,3879294586
GOLD,III,True,25,516,51,34,267,77,57,236,110,36,3879281061
GOLD,III,True,57,134,75,67,120,1,29,62,350,48,3879241504
GOLD,III,False,202,57,75,7,5,157,86,131,145,89,3875651569
GOLD,III,False,105,111,119,23,121,106,26,238,8,498,3875637042
GOLD,III,True,50,84,36,96,91,57,222,68,86,157,3875604690
GOLD,III,False,267,120,27,1,222,101,84,57,145,36,3875611920
GOLD,III,False,57,86,202,234,112,31,82,6,18,238,3875570041
GOLD,III,False,517,27,22,28,16,111,154,67,9,7,3875557302
GOLD,III,True,154,157,58,67,57,54,412,145,777,5,3875504933
GOLD,III,True,24,121,360,131,57,120,122,518,53,81,3875469693
GOLD,III,True,412,56,106,202,112,157,876,41,51,57,3875465061
GOLD,III,True,84,23,121,101,81,876,99,29,80,57,3873216792
GOLD,III,False,84,57,81,120,24,360,12,75,10,32,3873223071
GOLD,III,True,887,222,164,427,117,57,56,34,51,517,3873191555
GOLD,III,True,64,57,150,145,34,238,40,17,51,19,3871814603
GOLD,III,True,80,15,154,57,92,17,51,777,25,36,3871801808
GOLD,III,True,164,81,45,25,498,75,222,111,105,77,3871739581
GOLD,III,False,84,15,57,131,875,412,51,82,238,245,3871740102
GOLD,III,True,555,79,145,86,777,110,57,17,105,131,3871694119
GOLD,III,True,119,86,11,1,57,39,26,84,236,234,3867468202
GOLD,III,False,234,91,54,89,145,111,56,74,23,15,3867464795
GOLD,III,False,234,23,145,57,157,25,86,112,35,22,3866163990
GOLD,III,True,57,79,18,19,157,27,64,7,222,26,3866131677
GOLD,III,True,222,64,75,43,127,62,112,236,32,57,3866179981
GOLD,III,False,102,31,12,84,110,57,56,81,266,61,3863669554
GOLD,III,False,67,90,91,75,48,98,57,121,34,119,3863637466
GOLD,III,True,245,48,11,57,202,246,29,203,83,143,3863625789
GOLD,III,True,57,55,240,72,235,141,555,92,13,498,3863641866
GOLD,III,True,31,25,518,22,104,875,40,36,245,236,3862398047
GOLD,III,True,57,141,78,238,81,34,24,147,22,75,3862373404
GOLD,III,False,57,145,35,105,80,202,143,234,133,7,3862300287
GOLD,III,False,67,39,555,131,78,222,111,5,92,112,3862293658
GOLD,III,False,25,67,245,4,83,36,143,236,114,234,3862241821
GOLD,III,True,875,57,9,222,1,145,432,122,60,45,3862204953
GOLD,III,True,222,157,64,103,27,80,57,18,150,121,3862189904
GOLD,III,True,99,18,54,517,121,91,57,86,141,81,3861095441
GOLD,III,True,81,105,57,86,33,777,63,202,13,141,3861062915
GOLD,III,False,421,81,57,67,268,103,51,56,17,143,3860968811
GOLD,III,True,145,57,141,64,84,122,20,246,37,360,3861011518
GOLD,III,True,9,122,145,57,103,245,246,22,83,40,3860659156
GOLD,III,False,157,111,107,236,19,18,83,35,61,235,3858459449
GOLD,III,False,54,114,22,28,238,51,246,86,203,26,3858476285
GOLD,III,False,79,74,104,41,145,222,36,25,8,21,3858426409
GOLD,III,True,81,34,6,26,56,777,75,57,141,518,3858424499
GOLD,III,True,1,145,62,24,111,90,64,29,555,80,3858422206
GOLD,III,True,20,103,43,57,51,35,17,81,99,34,3855987013
GOLD,III,False,53,51,516,99,24,89,110,876,13,157,3855954837
GOLD,III,True,89,58,360,157,79,82,238,60,57,18,3856010669
GOLD,III,False,164,99,101,4,56,57,420,120,131,81,3855896139
GOLD,III,True,24,21,89,60,7,150,56,25,38,235,3855900092
GOLD,III,True,111,360,14,35,157,235,98,22,236,56,3855806449
GOLD,III,True,104,412,18,55,54,91,39,23,523,25,3855833086
GOLD,III,True,127,104,41,81,117,126,11,50,45,63,3855798546
GOLD,III,True,74,67,222,79,246,120,236,25,122,90,3855764744
GOLD,III,False,145,412,18,20,31,236,111,157,120,75,3855687705
GOLD,III,True,33,75,63,67,112,517,121,92,117,18,3854816527
GOLD,III,False,81,35,412,84,67,7,18,19,114,25,3854781615
GOLD,III,False,350,15,254,54,101,61,78,145,89,13,3854726690
GOLD,III,True,234,90,360,17,12,164,78,105,18,57,3854705769
GOLD,III,True,143,75,555,67,32,45,25,36,235,28,3854742144
GOLD,III,False,54,110,238,89,36,55,31,99,875,51,3854689292
GOLD,III,False,14,115,81,234,84,126,63,121,22,31,3854628201
GOLD,III,False,23,518,202,50,5,120,86,238,25,81,3854662518
GOLD,III,True,15,111,35,75,145,110,266,28,58,16,3854596699
GOLD,III,False,6,143,517,15,141,20,89,238,21,75,3854492795
GOLD,III,True,55,412,81,6,24,141,12,61,145,31,3854250783
GOLD,III,False,236,12,78,91,245,777,110,107,64,25,3853493207
GOLD,III,True,516,63,254,21,45,83,53,222,5,18,3853469329
GOLD,III,False,111,90,121,13,222,22,25,254,235,54,3853426002
GOLD,II,True,222,875,131,43,517,31,11,29,40,17,3892527449
GOLD,II,True,145,7,99,58,11,117,68,360,55,266,3892411491
GOLD,II,True,25,350,18,75,11,64,202,28,53,62,3892327964
GOLD,II,False,11,360,161,39,235,127,240,96,20,412,3892253345
GOLD,II,False,111,234,202,11,266,31,3,22,40,131,3892177866
GOLD,II,False,246,11,89,29,41,115,77,96,412,75,3892164814
GOLD,II,True,31,235,3,15,11,222,84,876,63,887,3892115880
GOLD,II,False,222,157,164,82,234,235,42,27,98,11,3892044147
GOLD,II,True,55,50,150,99,106,122,48,57,22,518,3892100987
GOLD,II,True,12,39,236,19,56,360,117,11,67,69,3891216906
GOLD,II,True,222,101,517,11,17,111,86,25,246,22,3891116745
GOLD,II,True,11,15,80,246,27,4,20,43,114,21,3891097623
GOLD,II,True,201,5,63,222,79,29,117,107,236,55,3891080802
GOLD,II,False,22,114,11,350,105,43,59,18,157,432,3890996431
GOLD,II,True,51,41,111,5,112,117,777,21,54,11,3890634623
GOLD,II,True,51,518,25,11,254,234,17,64,145,143,3890595272
GOLD,II,False,235,238,31,523,28,39,4,16,11,202,3890547491
GOLD,II,True,202,54,11,350,157,234,67,41,117,3,3889810297
GOLD,II,False,89,11,74,517,222,119,80,3,64,887,3889173049
GOLD,II,True,106,202,11,245,111,15,777,84,203,26,3889128539
GOLD,II,False,98,11,517,202,89,777,235,18,122,9,3888968477
GOLD,II,True,222,36,254,245,99,31,64,113,51,235,3888985773
GOLD,II,False,887,120,518,143,222,18,53,266,11,163,3888973014
GOLD,II,False,89,5,104,20,236,39,11,202,245,3,3888970253
GOLD,II,False,98,105,11,50,51,497,35,55,222,106,3888292982
GOLD,II,False,887,63,77,18,222,51,62,4,3,11,3888178367
GOLD,II,True,11,90,92,350,51,20,50,202,777,31,3888221989
GOLD,II,True,11,99,51,55,875,246,17,86,145,111,3888085719
GOLD,II,False,8,16,117,222,41,147,526,64,360,254,3888045180
GOLD,II,True,45,26,11,360,58,142,147,120,145,14,3887855626
GOLD,II,False,157,12,99,41,11,89,98,360,131,238,3886300579
GOLD,II,True,101,77,117,90,29,222,7,24,26,11,3886171514
GOLD,II,True,15,234,133,432,238,22,54,16,90,412,3886065734
GOLD,II,True,134,15,267,518,11,236,6,245,147,222,3885205399
GOLD,II,False,39,81,26,99,82,53,112,11,98,22,3885156828
GOLD,II,False,122,360,9,35,777,11,42,202,101,234,3884914697
GOLD,II,False,157,24,350,35,360,432,145,11,50,82,3884941521
GOLD,II,False,104,111,145,23,16,202,82,8,106,147,3884701993
GOLD,II,False,222,267,11,8,19,117,202,25,96,161,3883717014
GOLD,II,False,18,143,11,164,875,33,245,92,145,89,3883668088
GOLD,II,False,157,267,11,55,164,26,5,43,1,202,3882374005
GOLD,II,False,360,23,120,555,131,114,21,99,68,64,3882094485
GOLD,II,False,157,67,497,150,25,236,68,164,254,526,3882120432
GOLD,II,False,81,245,11,201,82,25,222,412,420,131,3882038257
GOLD,II,False,235,67,122,84,147,25,36,62,245,202,3881987400
GOLD,II,True,55,63,21,11,98,7,104,420,412,22,3881964945
GOLD,II,False,875,81,350,131,106,92,145,16,11,518,3881952979
GOLD,II,False,35,150,12,81,127,238,11,555,36,202,3881337825
GOLD,II,True,105,35,420,222,11,266,121,12,360,238,3881360691
GOLD,II,True,246,39,498,40,11,89,86,234,4,222,3880757556
GOLD,II,True,56,222,41,89,517,64,22,157,82,29,3879706346
GOLD,II,True,18,350,887,145,92,64,235,15,41,245,3879705229
GOLD,II,False,121,3,86,16,18,11,98,61,235,51,3879482819
GOLD,II,False,516,523,235,38,234,147,83,35,222,106,3879452731
GOLD,II,True,54,106,13,526,15,147,18,36,120,497,3879480287
GOLD,II,True,9,777,17,412,81,122,117,61,523,104,3878367148
GOLD,II,True,234,18,55,53,23,15,33,99,150,115,3878333484
GOLD,II,True,164,267,154,13,81,161,238,67,104,83,3878298713
GOLD,II,True,36,23,55,235,115,122,106,8,18,555,3878037123
GOLD,II,True,360,89,2,23,234,245,40,17,145,777,3877104095
GOLD,II,True,120,875,517,110,518,20,41,157,99,202,3877091500
GOLD,II,False,201,517,11,48,236,58,63,238,81,131,3877050480
GOLD,II,True,90,102,164,99,67,555,11,131,202,223,3872016432
GOLD,II,True,51,238,33,16,887,6,5,412,4,222,3872031538
GOLD,II,False,31,40,103,81,122,141,412,15,92,90,3871929459
GOLD,II,False,122,777,50,126,157,38,18,497,887,78,3871916713
GOLD,II,False,526,429,8,11,39,33,112,21,82,16,3871874104
GOLD,II,False,202,412,13,122,517,83,131,875,235,11,3870913041
GOLD,II,False,142,8,19,235,110,62,16,67,3,33,3870711190
GOLD,II,True,360,75,427,117,245,121,51,412,7,517,3870577066
GOLD,II,False,26,18,131,98,81,82,11,360,12,84,3869649731
GOLD,II,True,141,7,360,43,6,21,254,4,555,98,3867011010
GOLD,II,True,80,103,25,15,11,141,147,51,20,83,3866945614
GOLD,II,False,157,44,90,104,58,350,45,92,21,11,3866899236
GOLD,II,True,48,122,84,202,432,777,89,82,18,24,3866827409
GOLD,II,True,84,51,102,147,516,53,29,875,55,203,3893020750
GOLD,II,True,90,117,222,86,77,89,67,876,91,92,3892934375
GOLD,II,False,74,23,131,89,29,90,497,498,58,141,3892875045
GOLD,II,True,75,141,90,89,18,6,64,145,131,412,3892836725
GOLD,II,True,27,121,63,89,29,223,53,245,51,60,3892788610
GOLD,II,False,887,110,36,67,111,236,164,89,29,25,3892779832
GOLD,II,False,117,60,145,238,41,56,80,412,222,8,3892711584
GOLD,II,True,222,875,131,43,517,31,11,29,40,17,3892527449
GOLD,II,False,235,92,115,238,267,254,50,75,777,202,3892449042
GOLD,II,True,86,35,15,526,90,81,57,45,17,56,3892461262
GOLD,II,False,60,39,99,103,145,64,526,67,517,56,3892334744
GOLD,II,False,235,115,77,86,110,112,145,17,161,56,3892268049
GOLD,II,False,117,75,55,81,131,16,34,8,106,222,3892274472
GOLD,II,True,67,112,240,412,25,154,56,122,235,202,3891111571
GOLD,II,True,43,234,360,64,3,222,117,80,131,75,3891084492
GOLD,II,True,89,55,41,360,62,81,75,8,161,120,3891099817
GOLD,II,True,202,267,35,42,86,3,54,29,117,64,3891006020
GOLD,II,True,29,517,131,497,6,75,875,59,145,350,3890959414
GOLD,II,False,25,24,202,517,60,43,51,99,131,86,3889876476
GOLD,II,True,202,141,875,86,44,38,131,222,58,96,3889818614
GOLD,II,False,33,53,777,29,39,22,110,60,7,122,3889810118
GOLD,II,False,134,14,56,22,202,75,29,350,82,246,3889744708
GOLD,II,True,99,28,777,164,67,51,111,56,90,75,3889658331
GOLD,II,True,89,887,81,106,75,10,119,412,11,103,3889594388
GOLD,II,False,13,876,420,89,29,48,18,161,154,147,3888585121
GOLD,II,True,25,29,75,35,777,238,113,24,12,45,3888329561
GOLD,II,True,154,90,24,89,29,19,235,50,517,114,3888307176
GOLD,II,True,222,267,31,45,141,25,67,8,77,516,3887936670
GOLD,II,True,246,64,23,117,110,29,555,131,238,106,3887931291
GOLD,II,False,360,12,141,17,101,99,145,120,111,82,3886665790
GOLD,II,False,75,238,15,143,254,101,18,246,39,77,3886626158
GOLD,II,False,9,83,235,777,222,122,202,245,18,432,3886569869
GOLD,II,True,24,8,28,235,31,145,77,55,266,412,3886520135
GOLD,II,True,43,121,22,14,8,235,133,99,154,202,3886309439
GOLD,II,True,105,154,74,412,96,141,13,516,82,29,3886314759
GOLD,II,True,350,122,29,48,131,145,234,3,92,127,3886274659
GOLD,II,True,15,25,235,238,14,101,64,89,887,51,3885384677
GOLD,II,True,112,26,427,98,29,64,13,117,145,420,3885313713
GOLD,II,False,143,29,56,50,150,161,518,427,31,202,3885253798
GOLD,II,True,41,76,89,82,110,777,122,25,29,56,3884171154
GOLD,II,True,3,432,25,222,33,74,89,29,234,68,3884096519
GOLD,II,False,236,63,120,90,875,83,555,517,25,29,3884071100
GOLD,II,True,20,18,26,112,150,89,164,29,51,163,3884032652
GOLD,II,False,134,131,62,202,147,84,875,777,28,29,3883956386
GOLD,II,True,101,121,82,412,18,64,110,8,246,235,3883814986
GOLD,II,True,516,48,54,412,50,114,18,121,517,89,3883709277
GOLD,II,True,112,106,67,98,89,48,131,266,412,18,3883444998
GOLD,II,True,131,67,164,234,432,25,75,117,84,51,3883223122
GOLD,II,False,12,8,141,39,29,35,19,238,15,89,3881782778
GOLD,II,True,777,412,18,131,75,111,22,28,38,5,3881685818
GOLD,II,True,75,19,134,89,29,122,67,3,99,22,3881609165
GOLD,II,True,74,236,57,56,6,35,117,777,412,29,3881589833
GOLD,II,True,60,8,145,16,62,6,25,29,105,234,3881543570
GOLD,II,True,101,54,31,15,56,99,29,75,32,55,3881517032
GOLD,II,True,89,29,39,120,90,222,518,412,223,9,3881500723
GOLD,II,False,117,11,17,161,222,777,121,89,29,54,3881376754
GOLD,II,True,887,81,238,131,63,29,3,234,103,240,3881351973
GOLD,II,False,12,29,11,91,17,234,412,67,31,245,3880364375
GOLD,II,True,141,89,161,29,82,117,48,122,222,517,3880297786
GOLD,II,False,104,68,516,235,223,222,77,238,106,89,3880238458
GOLD,II,True,103,59,126,89,29,85,517,106,360,64,3878999684
GOLD,II,True,887,5,161,101,81,89,119,69,64,39,3879024492
GOLD,II,True,11,68,119,50,887,25,29,157,777,5,3878789103
GOLD,II,True,25,145,420,141,84,9,517,54,222,777,3878540262
GOLD,II,True,141,147,25,202,875,117,164,34,2,360,3878465644
GOLD,II,True,202,31,5,99,238,51,11,432,133,90,3878418603
GOLD,II,False,145,17,432,245,41,33,51,77,25,157,3877877668
GOLD,II,False,235,18,234,112,92,25,86,28,777,236,3877835511
GOLD,II,False,246,110,86,89,131,62,157,235,202,887,3877748436
GOLD,II,False,45,120,78,110,142,114,53,104,99,29,3877705243
GOLD,II,False,121,23,62,518,235,34,104,98,29,117,3877350639
GOLD,II,False,131,51,122,53,77,24,432,887,777,18,3875908132
GOLD,II,True,25,63,360,55,235,517,117,75,18,35,3875912810
GOLD,II,False,498,131,25,234,75,113,55,92,96,267,3875871065
GOLD,II,True,34,19,75,236,12,161,245,92,51,131,3875086794
GOLD,II,True,10,201,245,110,36,89,360,41,61,121,3874994380
GOLD,II,True,89,145,72,245,126,31,113,18,201,84,3874919411
GOLD,II,True,62,145,236,75,267,60,67,777,107,412,3874884633
GOLD,II,False,45,75,12,11,360,63,107,74,222,98,3873922444
GOLD,II,False,131,266,75,67,143,412,122,22,35,238,3873874478
GOLD,II,False,25,51,105,28,41,202,147,777,75,77,3873777433
GOLD,II,False,16,35,114,81,268,48,518,89,107,245,3873718757
GOLD,II,False,25,55,77,51,58,89,67,131,24,5,3873691545
GOLD,II,True,114,89,131,18,157,82,25,56,202,246,3873616607
GOLD,II,False,202,147,84,33,887,67,79,101,238,5,3873586079
GOLD,II,False,29,68,40,92,20,122,90,120,267,119,3873601183
GOLD,II,True,53,18,154,39,887,29,777,234,245,16,3872775552
GOLD,II,False,420,111,99,56,202,141,50,145,887,83,3872542912
GOLD,II,True,28,8,81,6,555,86,141,29,83,517,3868597712
GOLD,II,True,72,234,127,29,26,126,267,36,90,67,3867156629
GOLD,II,True,58,53,34,236,234,350,23,29,91,33,3867095144
GOLD,II,False,89,147,21,56,78,141,92,267,3,236,3867003990
SILVER,II,True,84,51,102,147,516,53,29,875,55,203,3893020750
SILVER,II,True,90,117,222,86,77,89,67,876,91,92,3892934375
SILVER,II,False,74,23,131,89,29,90,497,498,58,141,3892875045
SILVER,II,True,75,141,90,89,18,6,64,145,131,412,3892836725
SILVER,II,True,27,121,63,89,29,223,53,245,51,60,3892788610
SILVER,II,False,887,110,36,67,111,236,164,89,29,25,3892779832
SILVER,II,False,13,876,420,89,29,48,18,161,154,147,3888585121
SILVER,II,True,25,29,75,35,777,238,113,24,12,45,3888329561
SILVER,II,True,154,90,24,89,29,19,235,50,517,114,3888307176
SILVER,II,False,222,238,59,16,14,82,89,21,56,777,3888240860
SILVER,II,True,6,2,161,157,163,777,5,25,51,17,3888175547
SILVER,II,True,84,101,25,89,145,17,11,67,35,99,3888147218
SILVER,II,False,82,18,107,412,103,120,63,98,31,236,3888121730
SILVER,II,False,15,121,54,81,235,122,89,18,69,141,3887586396
SILVER,II,True,35,81,131,420,117,121,18,25,45,31,3887565014
SILVER,II,True,36,360,89,112,4,11,98,777,53,81,3887591323
SILVER,II,False,9,23,99,81,238,235,154,101,777,412,3887507479
SILVER,II,True,41,76,89,82,110,777,122,25,29,56,3884171154
SILVER,II,True,3,432,25,222,33,74,89,29,234,68,3884096519
SILVER,II,False,236,63,120,90,875,83,555,517,25,29,3884071100
SILVER,II,True,777,412,18,131,75,111,22,28,38,5,3881685818
SILVER,II,True,75,19,134,89,29,122,67,3,99,22,3881609165
SILVER,II,True,74,236,57,56,6,35,117,777,412,29,3881589833
SILVER,II,True,60,8,145,16,62,6,25,29,105,234,3881543570
SILVER,II,True,101,54,31,15,56,99,29,75,32,55,3881517032
SILVER,II,True,89,29,39,120,90,222,518,412,223,9,3881500723
SILVER,II,True,103,59,126,89,29,85,517,106,360,64,3878999684
SILVER,II,True,887,5,161,101,81,89,119,69,64,39,3879024492
SILVER,II,True,11,68,119,50,887,25,29,157,777,5,3878789103
SILVER,II,True,35,236,25,67,72,24,57,110,157,120,3709835135
SILVER,II,False,120,517,54,89,51,56,45,37,39,81,3674686731
SILVER,II,False,111,202,10,20,236,141,115,78,89,67,3674629340
SILVER,II,True,62,141,777,25,236,99,51,92,120,517,3672606277
SILVER,II,True,117,10,33,238,145,111,21,104,11,84,3670089345
SILVER,II,False,121,22,86,236,12,10,141,115,89,67,3670024881
SILVER,II,True,104,131,67,412,17,84,80,111,202,74,3664540942
SILVER,II,False,10,7,24,111,29,420,360,350,238,154,3664485966
SILVER,II,True,54,111,222,161,141,28,246,112,50,10,3664424748
SILVER,II,False,136,21,36,25,141,102,89,67,8,112,3664416125
SILVER,II,True,876,54,157,25,67,103,21,35,40,240,3660923875
SILVER,II,False,112,77,20,412,22,81,6,63,245,141,3660889147
SILVER,II,False,161,20,31,89,18,1,412,141,96,82,3660901440
SILVER,II,False,134,141,2,111,29,62,23,55,117,202,3660844485
SILVER,II,True,523,25,246,122,19,104,21,89,777,39,3654723018
SILVER,II,False,35,412,81,84,420,51,25,19,14,34,3652132880
SILVER,II,False,202,39,147,76,17,145,89,238,133,45,3652064474
SILVER,II,True,111,13,222,20,875,22,412,24,82,10,3651617305
SILVER,II,True,22,104,69,114,235,254,412,51,61,75,3645700264
SILVER,II,True,20,3,10,222,50,89,29,99,72,11,3645625547
SILVER,II,False,13,498,555,2,57,50,18,33,83,517,3645594702
GOLD,III,True,84,51,102,147,516,53,29,875,55,203,3893020750
GOLD,III,False,103,350,141,84,29,37,523,777,20,62,3892903351
GOLD,III,True,254,24,86,21,201,222,117,56,64,90,3892805818
GOLD,III,False,3,145,238,254,8,111,360,6,427,161,3892738913
GOLD,III,True,360,266,54,106,25,202,28,240,8,21,3891286001
GOLD,III,True,202,111,19,75,99,80,101,22,78,887,3891217869
GOLD,III,False,67,10,82,34,202,18,526,8,78,887,3891179237
GOLD,III,False,11,518,98,8,145,56,67,266,497,101,3890237896
GOLD,III,False,19,50,22,26,875,360,154,25,98,8,3890243412
GOLD,III,True,25,21,875,887,412,67,9,161,86,164,3890184518
GOLD,III,False,101,202,16,254,78,99,145,39,29,77,3890057932
GOLD,III,True,18,4,254,887,45,8,59,12,41,236,3890050230
GOLD,III,False,18,126,84,11,201,120,62,236,238,45,3889944902
GOLD,III,True,63,22,120,517,147,45,777,82,89,106,3889846846
GOLD,III,True,117,96,120,887,1,106,75,21,105,22,3889802959
GOLD,III,True,119,432,20,122,238,31,99,777,421,498,3889746432
GOLD,III,False,15,267,62,11,68,235,56,38,236,77,3889629711
GOLD,III,True,238,14,35,145,161,89,105,20,92,202,3889612466
GOLD,III,True,25,777,106,427,202,96,117,45,120,122,3888676169
GOLD,III,False,89,81,61,254,266,90,120,113,412,360,3888701267
GOLD,III,False,516,78,236,81,25,29,120,122,350,80,3886863450
GOLD,III,False,517,254,113,117,22,238,887,78,89,222,3886736559
GOLD,III,False,64,112,202,16,78,145,518,235,254,113,3886668717
GOLD,III,True,10,63,114,254,555,48,887,21,777,412,3886641885
GOLD,III,True,126,107,50,110,111,34,421,122,117,157,3882649632
GOLD,III,False,6,18,80,50,35,63,235,64,112,9,3882651049
GOLD,III,False,4,64,58,555,81,55,25,104,236,157,3882575182
GOLD,III,True,360,89,134,16,11,18,25,236,80,887,3882558873
GOLD,III,True,27,12,517,222,157,236,777,120,122,235,3880327877
GOLD,III,False,429,412,6,3,20,8,67,117,254,82,3880304152
GOLD,III,True,12,81,157,120,106,18,89,23,107,90,3880300035
GOLD,III,False,887,33,5,81,154,106,117,80,223,235,3879798496
GOLD,III,False,360,25,21,48,31,35,90,887,51,43,3879825058
GOLD,III,False,11,15,57,887,134,30,234,99,350,145,3879811249
GOLD,III,False,131,235,2,517,202,254,245,266,161,81,3879127206
GOLD,III,False,516,69,131,50,523,36,82,17,22,38,3879073409
GOLD,III,True,44,235,91,131,24,80,887,236,17,223,3878987290
GOLD,III,True,887,99,236,240,56,48,115,26,80,39,3879019839
GOLD,III,False,74,19,120,202,101,254,122,50,15,55,3872992759
GOLD,III,True,7,51,99,25,58,235,18,432,240,245,3872976406
GOLD,III,False,18,36,240,101,117,887,77,91,25,202,3871670704
GOLD,III,False,8,238,86,21,25,202,121,50,34,122,3871654596
GOLD,III,True,35,53,67,875,777,34,77,31,40,222,3871639887
GOLD,III,True,106,35,22,777,412,517,145,238,254,235,3871543307
GOLD,III,False,120,122,157,350,103,36,35,81,89,55,3870078019
GOLD,III,True,67,517,421,3,61,8,141,54,40,51,3870038245
GOLD,III,False,24,154,67,4,235,3,33,267,360,114,3868813542
GOLD,III,False,99,64,516,112,222,245,51,240,427,412,3868820591
GOLD,III,True,20,517,526,134,145,64,238,40,222,67,3868774177
GOLD,III,True,63,89,20,240,235,55,887,33,67,267,3868760555
GOLD,III,False,112,121,875,202,412,33,235,25,62,82,3868599069
GOLD,III,False,235,89,106,69,58,53,777,29,90,22,3868613790
GOLD,III,True,89,21,84,131,23,133,11,103,63,29,3867307451
GOLD,III,True,83,11,235,45,103,498,555,10,106,60,3867283052
GOLD,III,True,10,523,105,122,11,41,64,99,45,222,3867205658
GOLD,III,True,84,143,240,11,21,67,106,55,86,161,3867157437
GOLD,III,True,120,83,34,235,145,101,56,41,50,81,3865915943
GOLD,III,False,37,202,45,121,83,51,99,254,122,17,3865942872
GOLD,III,True,235,112,25,20,82,236,497,62,61,35,3865910631
GOLD,III,True,80,18,103,20,240,92,101,222,121,238,3865803131
GOLD,III,True,44,20,517,18,133,99,121,266,234,145,3865697830
GOLD,III,True,105,31,14,145,143,37,41,3,15,56,3864561125
GOLD,III,False,267,238,15,245,83,13,240,106,110,99,3863260043
GOLD,III,False,235,56,517,6,15,51,78,142,98,89,3861973412
GOLD,III,True,75,107,360,147,412,36,21,235,245,62,3859609073
GOLD,III,False,142,48,222,412,141,23,83,105,53,147,3859644554
GOLD,III,True,29,267,23,17,39,350,518,67,8,120,3859651500
GOLD,III,True,121,92,15,518,99,360,89,157,17,104,3854544471
GOLD,III,True,235,222,36,83,68,89,29,77,246,39,3854376262
GOLD,III,True,13,90,106,29,117,54,222,526,121,38,3854298018
GOLD,III,True,99,62,81,113,38,63,83,105,21,102,3854310828
GOLD,III,True,120,99,51,98,84,104,412,17,90,360,3853309581
GOLD,III,False,99,11,523,31,103,497,86,75,245,498,3853276228
GOLD,III,False,63,98,90,81,245,6,236,267,48,80,3853249908
GOLD,III,True,131,67,20,267,164,19,238,31,555,22,3853225119
GOLD,III,False,77,80,498,777,101,72,89,41,51,27,3849095600
GOLD,III,True,498,777,77,56,37,99,13,48,222,101,3849051572
GOLD,III,False,517,12,157,9,78,77,82,412,498,777,3849035812
GOLD,III,False,21,77,122,91,147,83,25,203,131,29,3849011743
GOLD,III,False,34,777,150,67,35,8,120,24,117,360,3847431917
GOLD,III,True,117,75,427,145,777,38,13,266,18,25,3845214486
GOLD,III,True,86,77,115,45,126,163,4,89,122,67,3845093781
GOLD,III,False,22,58,80,154,13,147,29,25,77,62,3844221212
GOLD,III,True,154,122,34,142,81,25,127,18,266,36,3844137331
GOLD,III,True,201,145,48,105,67,89,875,254,238,17,3842671909
GOLD,III,True,112,350,50,98,86,81,106,103,99,82,3842614507
GOLD,III,True,44,498,9,157,777,84,235,201,64,41,3840422867
GOLD,III,True,876,98,1,350,157,8,75,15,12,120,3840387803
GOLD,III,False,99,53,498,17,38,37,54,78,81,234,3834919327
GOLD,III,True,18,235,54,34,876,141,517,84,99,51,3834931679
GOLD,III,True,10,89,77,45,21,238,18,101,20,58,3833556884
GOLD,III,False,143,81,106,86,131,20,84,80,99,51,3832318535
GOLD,III,True,77,99,266,110,235,164,106,84,143,18,3832297814
GOLD,III,False,90,143,110,5,122,91,555,51,28,58,3832332869
GOLD,III,True,412,235,157,102,58,26,56,10,103,202,3832227089
SILVER,I,True,84,51,102,147,516,53,29,875,55,203,3893020750
SILVER,I,True,14,102,238,145,53,42,89,154,11,429,3892268589
SILVER,I,True,19,875,245,102,222,27,64,16,18,777,3891579986
SILVER,I,True,64,1,236,77,235,131,102,777,89,222,3891502795
SILVER,I,False,143,51,56,98,84,102,67,12,101,517,3891389785
SILVER,I,False,64,74,53,119,11,103,99,98,102,67,3890222791
SILVER,I,True,48,82,45,99,202,63,56,147,18,102,3890132596
SILVER,I,True,39,102,51,14,267,38,266,25,222,121,3888650817
SILVER,I,False,143,19,41,1,202,51,102,7,58,117,3888585075
SILVER,I,True,875,53,163,102,145,80,238,235,41,56,3888437216
SILVER,I,True,102,29,23,50,34,222,245,36,107,33,3887305974
SILVER,I,True,266,38,63,102,51,15,8,246,53,5,3887310368
SILVER,I,True,147,18,39,35,45,5,875,63,81,3,3887231231
SILVER,I,False,74,222,23,113,84,497,141,29,106,55,3859036050
SILVER,I,False,141,15,150,143,61,102,57,110,420,41,3853959388
SILVER,I,True,117,103,141,86,202,234,222,58,223,121,3853707450
SILVER,I,True,67,518,15,78,25,145,84,41,267,72,3853683740
SILVER,I,False,25,141,875,21,99,235,429,19,40,115,3852768682
SILVER,I,True,102,75,145,143,246,63,62,113,8,21,3852287889
SILVER,I,True,38,21,17,99,141,267,18,82,48,25,3847175073
SILVER,I,False,119,106,54,131,74,45,92,26,145,36,3844847832
SILVER,I,True,38,21,516,141,267,122,145,89,19,55,3844559943
SILVER,I,True,99,59,202,114,245,89,236,102,420,115,3843484303
SILVER,I,False,29,27,37,22,45,51,102,412,55,157,3843180824
SILVER,I,True,412,145,103,102,6,517,14,31,67,235,3842441324
SILVER,I,True,36,157,122,63,21,74,235,222,80,154,3842374370
SILVER,I,False,113,40,238,81,75,106,37,222,268,86,3842356476
SILVER,I,False,234,11,235,89,31,86,102,412,105,21,3837450503
SILVER,I,False,777,80,202,89,102,35,236,157,39,117,3749457065
SILVER,I,True,75,60,38,63,67,101,48,21,102,50,3749492655
SILVER,I,False,102,99,236,111,876,75,141,53,21,50,3749367355
SILVER,I,True,21,99,54,64,142,106,115,202,20,412,3725104068
SILVER,I,False,98,412,81,120,238,39,63,145,20,350,3725063788
SILVER,I,True,21,147,518,31,55,141,27,143,63,202,3682710389
SILVER,I,True,2,67,23,412,516,164,16,145,103,102,3551513971
SILVER,I,False,51,102,236,517,555,106,245,202,25,77,3537772925
SILVER,I,False,107,80,50,103,104,25,62,29,105,876,3537725580
SILVER,I,True,114,104,236,34,3,412,29,103,141,58,3537626381
SILVER,I,True,267,77,21,150,127,80,91,102,145,17,3537578969
SILVER,I,True,236,61,267,875,120,98,202,114,103,102,3537542470
SILVER,I,False,104,67,53,114,84,238,412,81,103,102,3535816608
SILVER,I,False,238,102,26,27,22,10,79,104,29,350,3535145462
SILVER,I,True,91,102,150,412,115,420,103,11,67,37,3535137469
SILVER,I,True,246,202,23,37,120,103,102,18,96,555,3535110656
SILVER,I,False,142,54,11,99,37,432,19,202,1,157,3535052790
SILVER,I,False,37,99,131,2,98,81,25,876,254,238,3534975744
SILVER,I,True,240,69,77,80,17,99,37,28,122,777,3532667460
SILVER,I,False,56,45,25,51,57,62,432,64,69,15,3532665499
SILVER,I,True,223,37,99,427,777,22,38,518,102,117,3532609071
SILVER,I,True,20,117,22,113,4,101,102,89,18,150,3532551079
SILVER,I,True,6,2,37,99,82,32,157,40,164,67,3532482480
SILVER,I,True,157,102,51,412,82,164,92,2,21,99,3531584371
SILVER,I,True,350,141,7,98,22,875,51,420,103,102,3531553467
SILVER,I,True,18,33,50,122,157,7,74,22,25,2,3531407736
SILVER,I,True,62,51,105,102,555,106,875,245,236,20,3531244348
SILVER,I,False,141,111,22,81,161,50,236,98,103,102,3531099298
SILVER,I,True,86,30,84,555,202,3,102,67,53,58,3531091002
SILVER,I,False,81,2,26,103,102,38,58,523,555,106,3530204896
SILVER,I,True,103,2,51,75,117,28,67,115,25,31,3530158465
SILVER,I,False,111,82,22,32,90,75,157,102,99,37,3530162258
SILVER,I,True,120,157,17,63,202,21,99,777,82,102,3528129325
SILVER,I,False,22,102,75,58,25,412,83,157,106,42,3513032495
SILVER,I,False,64,81,238,876,143,22,102,412,245,40,3512893305
SILVER,I,False,268,98,101,21,102,92,42,141,523,412,3511815738
SILVER,I,True,161,26,517,51,141,22,102,240,235,131,3511810166
SILVER,I,False,25,131,9,23,18,98,105,45,22,102,3511724960
SILVER,I,True,143,150,103,22,102,222,8,122,32,26,3511688034
SILVER,I,True,92,131,22,102,111,67,17,203,164,53,3511634761
SILVER,I,True,238,122,25,21,102,117,96,555,86,2,3510370567
SILVER,I,True,22,102,25,134,122,238,60,24,412,51,3510330029
